23895,BMGF-DD-CT, Graduate Certificate in Business Management
22394,PHIL-MA," Master of Arts in Philosophy, Plan B"
22785,ARTM-PHIZ-BF," Major in Art (BFA), Photo Image Making Concentration"
23066,BUSA-GSZ-MBA," Master of Business Administration, Global Social and Sustainable Enterprise Specialization"
22860,CIM-ID-GISP, International Development Interdisciplinary Studies Program
22153,HISQ, Minor in History
20772,ELEG-MS," Master of Science in Electrical Engineering, Plan B"
23435,MGPR-MMP," Master of Management Practice, Plan C (M.M.P.)"
23810,AGLQ, Minor in Agricultural Literacy
23280,CMIS-MCIS," Master of Computer Information Systems, Plan C (M.C.I.S.)"
21847,EHRS-SLZ-PHD," Ph.D. in Education and Human Resource Studies, School Leadership Specialization"
22094,HAES-HPRZ-BS," Major in Health and Exercise Science, Health Promotion Concentration"
22546,CIM-MCIN-GISP," Molecular, Cellular and Integrative Neurosciences Graduate Interdisciplinary Studies Program"
22423,CIM-M-GISP, Mathematics Graduate Interdisciplinary Studies Program
23036,PHYS-PHYZ-BS," Major in Physics, Physics Concentration"
24161,DSTF, Certificate in Design Thinking
21481,TOXC-PHD, Ph.D. in Toxicology
22024,HIST-LNGZ-BA," Major in History, Language Concentration"
21580,EASC-PHD, Ph.D. in Earth Sciences
23819,ANTH-GRPZ-BA," Major in Anthropology, Geography Concentration"
21977,NAFS-NFTZ-BS," Major in Nutrition and Food Science, Nutrition and Fitness Concentration"
22000,HORT-HFCZ-BS," Major in Horticulture, Horticultural Food Crops Concentration, Production Option"
21215,EVHL-IDZ-PHD," Ph.D. in Environmental Health, Industrial Hygiene Specialization"
22320,INST-MEAZ-BA," Major in International Studies, Middle East and North African Studies Concentration"
21460,BIAG-WEEZ-MS," Master of Science in Bioagricultural Sciences, Plan A, Weed Science Specialization"
23226,ENGR-EEGZ-ME," Master of Engineering, Plan C, Electrical Engineering Specialization"
21091,ECRQ, Minor in Ecological Restoration
21118,FESV-DD-BS, Major in Fire and Emergency Services Administration
23828,GRPQ, Minor in Geography
21871,EHRS-ESZ-MED," Master of Education in Education and Human Resource Studies, Education Sciences Specialization"
22081,HIST-SSTZ-BA," Major in History, Social Studies Teaching Concentration"
21389,DNCE-BA, Major in Dance
22179,HDFS-HDEZ-BS," Major in Human Development and Family Studies, Human Development and Family Studies Concentration"
22513,SOCI-CRCZ-BA," Major in Sociology, Criminology and Criminal Justice Concentration"
23056,GSNF-CT, Graduate Certificate in Applied Global Stability: Natural Resources
21553,MUSC-MTHZ-MM," Master of Music, Music Therapy Specialization, Plan B"
20872,BCHM-GBCZ-BS," Major in Biochemistry, General Biochemistry Concentration"
20830,CMST-TCLZ-BA," Major in Communication Studies, Speech Teacher Licensure Concentration"
21410,BIAG-PLPZ-MS," Master of Science in Bioagricultural Sciences, Plan A, Plant Pathology Specialization"
23043,CMCN-PHD, Ph.D. in Communication
23371,AVTF-CT, Graduate Certificate in Adventure Tourism
20861,ECOQ, Minor in Economics
22757,ARTM-FIBZ-BF," Major in Art (BFA), Fibers Concentration"
21256,EVHL-EPIZ-MS," Master of Science in Environmental Health, Epidemiology Specialization, Plan A"
22906,MUSI-BA, Major in Music
22685,ELEG-BMEE-BS," Dual Degree Program: Biomedical Engineering, B.S. combined with Electrical Engineering, B.S., Electrical Engineering Concentration"
21958,LLAC-LFRZ-MA," Master of Arts in Languages, Literatures, and Cultures, French Specialization, Foreign Languages, Literatures, and Cultures Option, Plan B"
23898,ENGL-ENEZ-MA," Master of Arts in English, Plan A, English Education Specialization"
23786,ANTH-MA, Masters of Arts in Anthropology
21931,LLAC-LSPZ-MA," Master of Arts in Languages, Literatures, and Cultures, Spanish Specialization, Interdisciplinary Option, Plan A"
22605,BUSA-HRMZ-BS," Major in Business Administration, Human Resource Management Concentration"
21643,EHRS-CCZ-MED," Master of Education in Education and Human Resource Studies, Counseling and Career Development Specialization"
20983,BTNQ, Minor in Botany
23275,STAT-MSTZ-BS," Major in Statistics, Mathematical Statistics Concentration "
22138,ADVS-PHD, Ph.D. in Applied Developmental Science
21486,NRST-MZ-MNRS," Master of Natural Resources Stewardship, Sustainable Military Lands Management Specialization"
22842,MLSQ, Minor in Military Science
20931,WRSC-BS, Major in Watershed Science
21349,MATH-CPMZ-BS," Major in Mathematics, Computational Mathematics Concentration"
21016,CTMG-MS," Master of Science in Construction Management, Plan A"
21444,NRST-FZ-MNRS," Master of Natural Resources Stewardship, Plan C, Forest Sciences Specialization"
24235,INBZ," Major in Business Administration, Finance Concentration, Investment Analysis Option with International Business Concentration"
21378,MATH-GNMZ-BS," Major in Mathematics, General Mathematics Concentration"
22362,ILSQ, Interdisciplinary Minor in Leadership Studies
23607,SOWK-MSW," Master of Social Work, Advanced Standing Program"
22564,IMSQ," Interdisciplinary Minor in Music, Stage, and Sports Production"
21547,RGEC-RSEZ-BS," Major in Rangeland Ecology, Restoration Ecology Concentration"
22824,AEAF-CT, Graduate Certificate in Accounting Ethics and Auditing
23229,BUSA-CISZ-MS," Master of Science in Business Administration, Plan A, Computer Information Systems Specialization"
23174,WRSC-PHD, Ph.D. in Watershed Science
23404,ATMF-CT, Graduate Certificate in Agritourism Management
23833,ANTH-AHWZ-MA," Master of Arts in Anthropology, Plan A, The Anthropology of Health and Well-Being Specialization"
22129,IFSQ, Interdisciplinary Minor in Food Science and Safety
23799,ANTH-ARCZ-BA," Major in Anthropology, Archaeology Concentration"
20729,ENVE-ENVZ-BS," Major in Environmental Engineering, Environmental Engineering Concentration"
23162,SMKF, Certificate in Strategic Marketing
23576,DSCI-BS, Major in Data Science
21702,NRTM-NRTZ-BS," Major in Natural Resource Tourism, Natural Resource Tourism Concentration"
21630,GEOL-GPYZ-BS," Major in Geology, Geophysics Concentration "
23090,ECSU-MS," Master of Science in Ecosystem Sustainability, Plan A"
23126,MRDF, Certificate in Market Research and Data Analytics 
23109,SLLF-CT, Graduate Certificate in Spanish Linguistics and Literary Studies
21622,GEOL-GEOZ-BS," Major in Geology, Geology Concentration"
24232,INBZ," Major in Business Administration, Supply Chain Management Concentration with International Business Concentration"
22764,ARTM-GRDZ-BF," Major in Art (BFA), Graphic Design Concentration"
22712,ELEG-BMEL-BS," Dual Degree Program: Biomedical Engineering, B.S. combined With Electrical Engineering,  B.S., Lasers and Optical Engineering Concentration"
22950,ACCY-TZ-MACC," Master of Accountancy, Plan C, Taxation Specialization"
21417,NSED-MNSE," Master of Natural Sciences Education, Plan C (M.N.S.E.)"
24241,INBZ," Major in Business Administration, Finance Concentration, Real Estate Finance Option with International Business Concentration"
23424,MSEG-MS," Master of Science in Materials Science and Engineering, Plan B"
22988,ECOL-MS," Master of Science in Ecology, Plan A"
21756,CNLR-GLOZ-MS," Master of Science in Conservation Leadership, Global Specialization, Plan A"
22481,POLS-ULPZ-BA," Major in Political Science, U.S Government, Law, and Policy Concentration"
23286,TLEF-CT, Graduate Certificate in TESOL Education
20803,CMST-MA," Master of Arts in Communication Studies, Plan A"
23177,PSYC-CCPZ-BS," Major in Psychology, Clinical/Counseling Psychology Concentration"
23194,CAMB-PHD, Ph.D. in Cell and Molecular Biology
21490,NSCI-PHSZ-BS," Major in Natural Sciences, Physical Science Concentration"
22963,MUSC-PERZ-BM," Major in Music, Performance Concentration, Piano Pedagogy Option"
21157,CPSQ, Minor in Computer Science
21035,FWCB-WDBZ-BS," Major in Fish, Wildlife, and Conservation Biology, Wildlife Biology Concentration"
22211,ILAR-BA, Major in Interdisciplinary Liberal Arts
20719,CIVE-SWRZ-BS," Major in Civil Engineering, Soil and Water Resource Engineering Concentration"
21309,ETSQ, Minor in Ethnic Studies
22077,BNRG-PHD, Ph.D. in Human Bioenergetics
23185,CNCD-SCCZ-MA," Master of Arts in Counseling and Career Development, Plan B, School Counseling Specialization"
23848,ANTH-AHWZ-MA," Master of Arts in Anthropology, Plan B, The Anthropology of Health and Well-Being Specialization"
22328,AGBU-BS, Major in Agricultural Business
23427,NUSF-CT, Graduate Certificate in Nutrition Sciences
24229,INBZ," Major in Business Administration, Organization and Innovation Management Concentration with International Business Concentration"
22851,CIM-EUOST-GISP, Extreme Ultraviolet and Optical Science and Technology Graduate Interdisciplinary Studies Program
23844,ANTH-PMTZ-MA," Master of Arts in Anthropology, Plan A, Professional Methods and Techniques Specialization"
24158,MAST-SSZ-MAS," Master of Applied Statistics, Plan C, Statistical Science Specialization"
21916,LLAC-LGEZ-MA," Master of Arts in Languages, Literatures, and Cultures, German Specialization, Foreign Languages, Literatures, and Cultures Option, Plan A"
23358,ARTM-AREZ-BF," Major in Art (BFA), Art Education Concentration"
22035,CIM-HONORS, University Honors Program
22645,CAMB-CBZ-PHD," Ph.D. in Cell and Molecular Biology, Cancer Biology Specialization"
21179,BIAG-PHD, Ph.D. in Bioagricultural Sciences
20970,BLSC-BTNZ-BS," Major in Biological Science, Botany Concentration"
21618,ENHQ, Minor in Environmental Horticulture
21068,CHEM-NACZ-BS," Major in Chemistry, Non-ACS Certified Concentration"
22555,BUSA-ACCZ-BS," Major in Business Administration, Accounting Concentration"
21423,NRST-EZ-MNRS," Master of Natural Resources Stewardship, Plan C, Ecological Restoration Specialization"
23484,IFIQ, Interdisciplinary Minor in Food Industry Management
22641,OLSF," Certificate in Operations, Logistics and Supply Management"
22581,CITF, Certificate in Information Technology for Business Professionals
21739,CNLR-MS," Master of Science in Conservation Leadership, Plan A"
23545,CPSC-HCCZ-BS," Major in Computer Science, Human-Centered Computing Concentration"
22091,ICVQ, Interdisciplinary Minor in Conservation Biology
20810,SYSE-MS," Master of Science in Systems Engineering, Plan A"
21374,EVHL-IDHZ-MS," Master of Science in Environmental Health, Industrial Hygiene Specialization, Plan B"
21358,NRMG-BS, Major in Natural Resources Management
23214,CPEG-MS," Master of Science in Computer Engineering, Plan B"
22806,ARTM-SCLZ-BF," Major in Art (BFA), Sculpture Concentration"
23839,ANTH-IDVZ-MA," Master of Arts in Anthropology, Plan A, International Development Specialization"
21949,NAFS-DNMZ-BS," Major in Nutrition and Food Science, Dietetics and Nutrition Management Concentration, Childhood Nutrition Option"
21246,MDSQ, Minor in Merchandising
21321,EVHL-EPZ-PHD," Ph.D. in Environmental Health, Epidemiology Specialization"
20776,ENGR-BMEZ-ME," Master of Engineering, Plan C, Biomedical Engineering Specialization"
21782,CNLR-MS," Master of Science in Conservation Leadership, Plan B"
22289,IIDQ, Interdisciplinary Minor in International Development
23510,FSAN-FDZ-PHD," Ph.D. in Food Science and Nutrition, Food Science Specialization"
20904,BCHM-PPHZ-BS," Major in Biochemistry, Pre-Pharmacy Concentration"
22241,IGSQ, Interdisciplinary Minor in Global Environmental Sustainability
23878,GEOS-MS," Master of Science in Geosciences, Plan A"
23789,ANTH-BA, Major in Anthropology
22985,MUSQ, Minor in Music
23866,ENLD-MS," Master of Science in Environmental Leadership, Plan A"
22680,AGSC-TZ-MAGR," Master of Agriculture in Agricultural Sciences, Plan A, Teacher Development Specialization"
22072,BENR-PHD, Ph.D. in Bioengineering
22108,HAES-SPMZ-BS," Major in Health and Exercise Science, Sports Medicine Concentration"
20743,ENGR-CIVZ-ME," Master of Engineering, Plan C, Civil Engineering Specialization"
21995,LSPQ, Minor in Spanish
21429,MUSC-MUEZ-MM," Master of Music, Music Education Specialization, Kodaly Option"
22221,HORT-VTEZ-BS," Major in Horticulture, Viticulture and Enology Concentration"
24172,EVHL-OESZ-MS," Master of Science in Environmental Health, Occupational Ergonomics and Safety Specialization, Plan A"
22087,IBMQ, Interdisciplinary Minor in Biomedical Engineering
23550,CRWQ, Minor in Creative Writing
21866,LLAC-LGEZ-BA," Major in Languages, Literatures, and Cultures, German Concentration"
23470,FSAN-FDSZ-MS," Master of Science in Food Science and Nutrition, Plan A, Food Science Specialization"
21648,GEOQ, Minor in Geology
22349,PHIL-MA," Master of Arts in Philosophy, Plan A"
22412,ALCM-MLCM," Master in Arts Leadership and Cultural Management, Plan C (M.A.L.C.M.)"
23804,ANTH-BIOZ-BA," Major in Anthropology, Biological Anthropology Concentration"
21506,MICR-BS, Major in Microbiology
21287,RDHL-HLPZ-MS," Master of Science in Radiological Health Sciences, Health Physics Specialization, Plan A"
22353,ACBF-CT, Graduate Certificate in Advanced Clinical Behavioral Health
21614,DEMD-INTZ-MS," Master of Science in Design and Merchandising, Plan B, Interior Design Specialization"
20694,AREC-PHD, Ph.D. in Agricultural and Resource Economics
23652,FRRS-RCMZ-BS," Major in Forest and Rangeland Stewardship, Rangeland Conservation and Management Concentration"
23618,BUSA-MDZ-MBA," Master of Business Administration, Marketing Data Analytics Specialization"
22253,HDFS-MAFZ-MS," Master of Science in Human Development and Family Studies, Marriage and Family Therapy Specialization, Plan A"
22881,APAM-ADAZ-BS," Major in Apparel and Merchandising, Apparel Design and Production Concentration"
23669,FRRS-FRBZ-BS," Major in Forest and Rangeland Stewardship, Forest Biology Concentration"
23247,BUSA-CISZ-MS," Master of Science in Business Administration, Plan B, Computer Information Systems Specialization"
23121,SYEF-CT, Graduate Certificate in Systems Engineering Practice
23680,AGED-AGLZ-BS," Major in Agricultural Education, Agricultural Literacy Concentration"
23102,MVCF-DD-CT, Graduate Certificate in Military and Veteran Culture
21004,FWCB-FASZ-BS," Major in Fish, Wildlife, and Conservation Biology, Fisheries and Aquatic Sciences Concentration"
22264,HDFS-PVSZ-MS," Master of Science in Human Development and Family Studies, Plan A, Prevention Science Specialization"
23314,CSEF-CT, Graduate Certificate in Computer Systems Engineering
23086,BMSC-PHD, Ph.D. in Biomedical Sciences
22176,HIST-LBAZ-MA," Master of Arts in HIstory, Liberal Arts Specialization, Plan B"
21832,SAMF-CT, Graduate Certificate in Ski Area Management
22891,APAM-MDSZ-BS," Major in Apparel and Merchandising, Merchandising Concentration"
22500,NUTQ, Minor in Nutrition
23320,EMSF-CT, Graduate Certificate in Embedded Systems
22390,LGSQ, Interdisciplinary Minor in Legal Studies
23000,ECOL-HEIZ-MS," Master of Science in Ecology, Human-Environment Interactions Specialization"
20710,CIVE-BS, Major in Civil Engineering
21568,PLHQ, Minor in Plant Health
23326,AGBU-FRCZ-BS," Major in Agricultural Business, Farm and Ranch Management"
24151,BCHM-ASBZ-BS," Major in Biochemistry, ASBMB Concentration"
23387,DSCI-MATZ-BS," Major in Data Science, Mathematics Concentration"
22799,ARTM-PRTZ-BF," Major in Art (BFA), Printmaking Concentration"
22449,POLS-EPAZ-BA," Major in Political Science, Environmental Politics and Policy Concentration"
23289,EGIS-BS," Dual Degree in Engineering Science, B.S. and International Studies, B.A."
21954,HORT-FLOZ-BS," Major in Horticulture, Floriculture Concentration"
21191,FRST-FMGZ-BS," Major in Forestry, Forest Management Concentration"
23585,BLSC-PHD, Ph.D. in Biological Science
23713,SOCR-BMBZ-BS," Major in Soil and Crop Sciences, Biomass Biofuels Concentration"
21594,EASC-GEZ-PHD," Ph.D. in Earth Sciences, Geosciences Specialization"
22340,OCTH-MOT," Master of Occupational Therapy, Plan C (M.O.T.)"
22630,ETRF, Certificate in Entrepreneurship
21363,BIAG-ENTZ-MS," Master of Science in Bioagricultural Sciences, Plan A, Entomology Specialization"
21432,EVHL-TOXZ-MS," Master of Science in Environmental Health, Toxicology Specialization, Plan B"
22167,HORT-HTHZ-BS," Major in Horticulture, Horticultural Therapy Concentration"
21021,ZOOL-BS, Major in Zoology
23477,STAT-GSTZ-BS," Major in Statistics, General Statistics Concentration"
22495,CRCQ, Minor in Criminology and Criminal Justice
23201,CPEG-MS," Master of Science in Computer Engineering, Plan A"
22142,ECHE-BS, Major in Early Childhood Education
21922,LLAC-LFRZ-MA," Master of Arts in Languages, Literatures, and Cultures, French Specialization, Interdisciplinary Option, Plan A"
21827,TRMG-MTM," Master of Tourism Management, Plan C (M.T.M.)"
21589,THTR-DIRZ-BA," Major in Theatre, Directing Concentration"
23635,ELEG-ELEZ-BS," Major in Electrical Engineering, Electrical Engineering Concentration"
23204,ITPF-CT, Graduate Certificate in Information Technology Project Management
22234,IGRQ, Interdisciplinary Minor in Gerontology
21564,DEMD-INTZ-MS," Master of Science in Design and Merchandising, Plan A, Interior Design Specialization"
23557,FSAN-FDSZ-MS," Master of Science in Food Science and Nutrition, Plan B, Food Science Specialization"
22226,HDFS-PHPZ-BS," Major in Human Development and Family Studies, Pre-Health Professions Concentration"
22005,NAFS-FSNZ-BS," Major in Nutrition and Food Science, Food Safety and Nutrition Concentration"
24244,INBZ," Major in Business Administration, Financial Planning Concentration with International Business Concentration"
22615,BUSA-OIMZ-BS," Major in Business Administration, Organization and Innovation Management Concentration"
22568,BUSA-INSZ-BS," Major in Business Administration, Information Systems Concentration"
22278,INST-EUSZ-BA," Major in International Studies, European Studies Concentration"
20943,CTMG-BS, Major in Construction Management
21856,FACS-FCSZ-BS," Major in Family and Consumer Sciences, Family and Consumer Sciences Education Concentration"
21207,FRSQ, Minor in Forestry
21267,ENGL-TSLZ-MA," Master of Arts in English, Plan A, TESL/TEFL Specialization"
21260,CPSC-MS," Master of Science in Computer Science, Plan A"
22335,LDAR-BS, Major in Landscape Architecture
23859,ENLD-MS," Master of Science in Environmental Leadership, Plan B"
21123,EVHL-BS, Major in Environmental Health
21769,HDNR-MS," Master of Science in Human Dimensions of Natural Resources, Plan A"
22698,IRLQ, Interdisciplinary Minor in Religious Studies
22722,MECH-BMEM-BS," Dual Degree Program: Biomedical Engineering, B.S. combined with Mechanical Engineering, B.S. "
21281,MBIQ, Minor in Mathematical Biology
23610,ELEG-PHD, Ph.D. in Electrical Engineering
24138,IGBQ, Interdisciplinary Minor in Global Studies
23132,BUSA-FPLZ-BS," Major in Business Administration, Financial Planning Concentration"
20834,CMST-DLPZ-MA," Master of Arts in Communication Studies, Plan B, Deliberative Practices Specialization"
23398,REAQ, Minor in Real Estate
23473,ENRQ, Minor in Environmental and Natural Resource Economics
20705,ANTH-IDVZ-MA," Master of Arts in Anthropology, Plan B, International Development Specialization"
21407,MUSC-INCZ-MM," Master of Music, Instrumental Conducting Specialization"
21576,THTR-DTHZ-BA," Major in Theatre, Design and Technology Concentration"
23453,ISEQ, Interdisciplinary Minor in Sustainable Energy
21893,CIM-LLCM-TE," Major in Languages, Literatures, and Cultures, Teaching Endorsement"
21242,CPSC-MCS," Master of Computer Science, Plan C (M.C.S.)"
21050,CTMG-MS," Master of Science in Construction Management, Plan B"
23211,ENGR-CPGZ-ME," Master of Engineering, Plan C, Computer Engineering Specialization"
20937,EQSC-BS, Major in Equine Science
23598,EHRS-ETZ-PHD," Ph.D. in Education and Human Resource Studies,  Education, Equity, and Transformation Specialization"
21986,NAFS-NUSZ-BS," Major in Nutrition and Food Science, Nutritional Sciences Concentration"
23747,AGED-TDLZ-BS," Major in Agricultural Education, Teacher Development Concentration"
21571,THTR-PWDZ-BA," Major in Theatre, Playwriting and Dramatic Literature Concentration"
21709,PSYC-GPSZ-BS," Major in Psychology, General Psychology Concentration"
22507,GNSQ, Minor in General Sociology
22378,PSWF-CT, Graduate Certificate in PreK-12 School Social Worker
22917,MUSC-MUEZ-BM," Major in Music, Music Education Concentration, Choral Option"
21751,ENHR-LDAZ-BS," Major in Environmental Horticulture, Landscape Design and Contracting Concentration"
23244,HLSF-CT, Graduate Certificate in High Impact On-Demand Learning Solutions
20758,AREC-MS," Master of Science in Agricultural and Resource Economics, Plan A"
22198,WRSQ, Minor in Watershed Science
23759,EGSC-SPEZ-BS," Major in Engineering Science, Space Engineering Concentration"
22745,ARTM-ELAZ-BF," Major in Art (BFA), Electronic Art Concentration"
21384,MATH-MTOZ-BS," Major in Mathematics, Mathematics of Information Concentration"
22933,MUSC-PERZ-BM," Major in Music, Performance Concentration, Orchestral Instrument Option"
23561,CPEG-BS, Major in Computer Engineering
23488,CPSC-CPSZ-BS," Major in Computer Science, Computer Science Concentration"
23677,ABIM-DD-MAI," Master of Agribusiness and Food Innovation Management, Plan C"
23366,APFF-CT, Graduate Certificate in Applied Finance
23504,CNCD-MA, Master of Arts in Counseling and Career Development
21598,DEMD-APAZ-MS," Master of Science in Design and Merchandising, Plan B, Apparel and Merchandising Specialization"
22161,HDFS-ECPZ-BS," Major in Human Development and Family Studies, Early Childhood Professions Concentration"
23082,BMSQ, Minor in Biomedical Sciences
21717,EHRS-ESZ-PHD," Ph.D. in Education and Human Resource Studies, Education Sciences Specialization"
23070,FINC-MFIN," Master of Finance, Plan C"
22601,REPF, Certificate in Real Estate Practices
21305,RDHL-HLPZ-MS," Master of Science in Radiological Health Sciences, Health Physics Specialization, Plan B"
23303,ACCY-SZ-MACC," Master of Accountancy, Plan C, Data Analytics and Systems Specialization "
22638,MHRF, Certificate in Managing Human Resources
23766,EGSC-TCEZ-BS," Major in Engineering Science, Teacher Education Concentration"
21133,FRST-FBUZ-BS," Major in Forestry, Forestry-Business Concentration"
22927,MUSC-PERZ-BM," Major in Music, Performance Concentration, Jazz Studies Option"
21850,ENHR-TURZ-BS," Major in Environmental Horticulture, Turf Management Concentration"
23188,CNCD-CCNZ-MA," Master of Arts in Counseling and Career Development, Plan B, Career Counseling Specialization"
21231,BIAG-ENZ-PHD," Ph.D. in Bioagricultural Sciences, Entomology Specialization"
22911,MUSC-COMZ-BM," Major in Music, Composition Concentration"
23457,FSAN-NTRZ-MS," Master of Science in Food Science and Nutrition, Plan A, Nutrition Specialization"
21786,MAST-MAS," Master of Applied Statistics, Plan C (M.A.S.)"
24220,INBZ," Major in Business Administration, Information Systems Concentration with International Business Concentration"
23776,MECH-BS, Major in Mechanical Engineering
22274,BMSC-APSZ-MS," Master of Science in Biomedical Sciences, Plan B, Anatomical and Physiological Sciences Specialization"
23443,ARTI-IVSZ-BA," Major in Art (BA), Integrated Visual Studies Concentration"
22792,ARTM-POTZ-BF," Major in Art (BFA), Pottery Concentration"
21073,BMSC-RPTZ-MS," Master of Science in Biomedical Sciences, Reproductive Technology Specialization, Plan B"
23016,BUSA-BS, Major in Business Administration
23022,BUSA-FINZ-BS," Major in Business Administration, Finance Concentration"
23756,SSCQ, Minor in Soil Science
21203,EVHL-ERZ-PHD," Ph.D. in Environmental Health, Ergonomics Specialization"
23588,BLSC-MS," Master of Science in Biological Science, Plan A"
21031,BMSC-MS," Master of Science in Biomedical Sciences, Plan A"
22503,AGSC-IZ-MAGR," Master of Agriculture in Agricultural Sciences, Integrated Resource Management Specialization"
22974,MUSC-PERZ-BM," Major in Music, Performance Concentration, Voice Option"
22561,IBUF, Certificate in International Business
21777,LGEQ, Minor in German
23594,MAST-DSZ-MAS," Master of Applied Statistics, Plan C, Data Science Specialization"
21325,ETST-MA," Master of Arts in Ethnic Studies, Plan B"
21765,EHRS-HEZ-PHD," Ph.D. in Education and Human Resource Studies, Higher Education Leadership Specialization, College and University Leadership Option"
23051,GSAF-CT, Graduate Certificate in Applied Global Stability: Agriculture
21013,ANMG-MS," Master of Science in Animal Sciences, Plan A"
20735,ARTI-AREZ-BA," Major in Art (BA), Art Education Concentration"
22854,IISQ, Interdisciplinary Minor in Information Science and Technology
23113,BUSQ, Minor in Business Administration
23099,CRMF-DD-CT, Graduate Certificate in Conflict Resolution and Mediation
23532,ENVQ, Minor in Environmental Engineering
22114,HAES-MS," Master of Science in Health and Exercise Science, Plan A"
23006,ECOL-PHD, Ph.D. in Ecology
21277,ENGL-LITZ-MA," Master of Arts in English, Plan B, Literature Specialization"
21515,NSCI-PHEZ-BS," Major in Natural Sciences, Physics Education Concentration"
23622,ENGL-WRHZ-MA," Master of Arts in English, Plan A, Writing, Rhetoric, and Social Change Specialization"
23355,PFMF-DD-CT, Graduate Certificate in Performance Management
20815,SYSE-MS," Master of Science in Systems Engineering, Plan B"
21521,BIAG-PMGZ-MS," Master of Science in Bioagricultural Sciences, Plan B, Pest Management Specialization"
23382,DSCI-CSCZ-BS," Major in Data Science, Computer Science Concentration"
23332,BUSA-FNRZ-MS," Master of Science in Business Administration, Financial Risk Management Specialization"
22461,JAMC-BA, Major in Journalism and Media Communication
21861,FACS-FACZ-BS," Major in Family and Consumer Sciences, Family and Consumer Sciences Concentration"
22838,CIM-WS-GISP, Women's Study Interdisciplinary Studies Program
23061,GSWF-CT, Graduate Certificate in Applied Global Stability: Water Resources
21928,LLAC-LGEZ-MA," Master of Arts in Languages, Literatures, and Cultures, German Specialization, Interdisciplinary Option, Plan A"
23698,SOCR-APIZ-BS," Major in Soil and Crop Sciences, Applied Information Technology Concentration"
20701,BUSA-MBA, Master of Business Administration
21898,SAHE-MS, Master of Science in Student Affairs in Higher Education
22875,ACCY-MACC," Master of Accountancy, Plan C (M.Acc.)"
21455,TOXC-MS," Master of Science in Toxicology, Plan B"
21238,ENGL-WRLZ-BA," Major in English, Writing, Rhetoric and Literacy Concentration"
22489,POLQ, Minor in Political Science
21339,MATH-AMTZ-BS," Major in Mathematics, Applied Mathematics Concentration"
22899,APAM-PDVZ-BS," Major in Apparel and Merchandising, Product Development Concentration"
23661,RECO-BS, Major in Restoration Ecology 
20974,NERO-BCNZ-BS," Major in Neuroscience, Behavioral and Cognitive Neuroscience Concentration"
21198,ENGL-ENEZ-BA," Major in English, English Education Concentration"
21721,NRRT-PPAZ-BS," Major in Natural Resource Recreation and Tourism, Parks and Protected Area Management Concentration"
23264,SMEF -DD-CT, Graduate Certificate in Student Affairs Management of Auxiliary Enterprises
23198,CAMB-MS," Master of Science in Cell and Molecular Biology, Plan B"
20885,ECON-PHD, Ph.D. in Economics
24134,GSIQ, Minor in Geospatial Information Science for Natural Resources
21652,PSNS-ZZ-MPSN," Professional Science Master's in Natural Sciences – Zoo, Aquarium, and Animal Shelter Management Specialization"
22218,CHEM-MS," Master of Science in Chemistry, Plan B"
23673,FRRS-FRFZ-BS," Major in Forest and Rangeland Stewardship,  Forest Fire Science Concentration"
23418,ANTH-PHD, Ph.D. in Anthropology
23825,ANTQ, Minor in Anthropology
22994,ECOL-MS," Master of Science in Ecology, Plan B"
21961,LLAC-LGEZ-MA," Master of Arts in Languages, Literatures, and Cultures, German Specialization, Foreign Languages, Literatures, and Cultures Option, Plan b"
22202,HDFS-LEPZ-BS," Major in Human Development and Family Studies, Leadership and Entrepreneurial Professions Concentration"
21291,ETST-BA, Major in Ethnic Studies
23149,BISF-CT, Graduate Certificate in Business Information Systems
21314,ETST-MA," Master of Arts in Ethnic Studies, Plan A"
21804,ENHR-NALZ-BS," Major in Environmental Horticulture, Nursery and Landscape Management Concentration"
22365,PHIL-GNPZ-BA," Major in Philosophy, General Philosophy Concentration"
23413,GEOG-BS, Major in Geography
20697,ANTH-PMTZ-MA," Master of Arts in Anthropology, Plan B, Professional Methods and Techniques Specialization"
23883,IARD-BS, Major in Interior Architecture and Design
20769,ELEG-MS," Master of Science in Electrical Engineering, Plan A"
22402,ILCQ, Interdisciplinary Minor in Linguistics and Culture
22270,HORQ, Minor in Horticulture
22660,BBSF, Certificate in Business-to-Business Selling
23852,ANTH-HEVZ-MA," Master of Arts in Anthropology, Plan B, Humans and the Environment Specialization"
21353,TOXC-MS," Master of Science in Toxicology, Plan A"
23461,TDTQ, Minor in Theatre – Design/Technical Theatre
23106,SYSE-DE, Doctor of Engineering (D.Eng.) in Systems Engineering 
21726,PSYC-IOPZ-BS," Major in Psychology, Industrial/Organizational Concentration"
22818,ISWQ, Interdisciplinary Minor in Sustainable Water
23862,FRST-BS, Major in Forestry
21760,LFRQ, Minor in French
22358,PHLQ, Minor in Philosophy
21556,MICR-MS," Master of Science in Microbiology, Plan B"
21925,FSAN-MS," Master of Science in Food Science and Nutrition, Dietetics Option, Plan B"
21182,ENGL-CNFZ-MA," Master of Arts in English, Creative Nonfiction Specialization"
21147,FRST-FRBZ-BS," Major in Forestry, Forest Biology Concentration"
21086,CHEQ, Minor in Chemistry
22577,IOAQ, Interdisciplinary Minor in Organic Agriculture
21452,MUSC-MM," Master of Music, Performance Option"
20911,ILES-BA," Dual Degree in Interdisciplinary Liberal Arts, B.A. and Engineering Science, B.S."
23349,BFMF, Certificate in Beef Feedlot Management
21163,FRST-FRFZ-BS," Major in Forestry, Forest Fire Science Concentration"
23252,CAAF-CT," Graduate Certificate in Conservation Actions with Lands, Animals, and People"
22420,AEPQ, Minor in Applied Environmental Policy Analysis
22922,MUSC-MUEZ-BM," Major in Music, Music Education Concentration, Instrumental Option"
22457,IMBQ, Interdisciplinary Minor in Molecular Biology
23165,CEMF, Certificate in Customer Experience Management
23431,ADCN-MAC," Master of Addiction Counseling, Plan C (M.A.C.)"
22012,AESQ, Minor in Aerospace Studies
23731,SOCR-PBGZ-BS," Major in Soil and Crop Sciences, Plant Biotechnology, Genetics, and Breeding Concentration"
23629,FNAF, Certificate in Financial Accounting and Reporting
21772,ASTQ, Minor in Applied Statistics
23875,FRRS-BS, Major in Forest and Rangeland Stewardship
21436,NSCI-BLEZ-BS," Major in Natural Sciences, Biology Education Concentration"
21335,EVHL-IDHZ-MS," Master of Science in Environmental Health, Industrial Hygiene Specialization, Plan A"
22059,HIST-SBSZ-BA," Major in History, Social and Behavioral Sciences Concentration"
22257,INST-ASTZ-BA," Major in International Studies, Asian Studies Concentration"
22192,HIST-CREZ-MA," Master of Arts in History, Public History Specialization, Cultural Resource Management Option, Plan B"
22100,IEEQ, Interdisciplinary Minor in Energy Engineering
21529,RGEC-RAFZ-BS," Major in Rangeland Ecology, Range and Forest Management Concentration"
20838,ENGR-SYEZ-ME," Master of Engineering, Plan C, Systems Engineering Specialization"
21964,NAFS-DNMZ-BS," Major in Nutrition and Food Science, Dietetics and Nutrition Management Concentration, Gerontology Nutrition Option"
20986,FWCB-CNVZ-BS," Major in Fish, Wildlife, and Conservation Biology, Conservation Biology Concentration"
22938,MUSC-PERZ-BM," Major in Music, Performance Concentration, Organ Option"
24123,GEOS-PHD, Ph.D. in Geosciences
20824,ENGR-EMGZ-ME," Master of Engineering, Plan C, Engineering Mangement Specialization"
22470,POLS-GPPZ-BA," Major in Political Science, Global Politics and Policy Concentration"
21263,ENGL-LITZ-MA," Master of Arts in English, Plan A, Literature Specialization"
24166,INBZ," Major in Business Administration, Marketing Concentration with International Business Concentration"
23191,CAMB-MS," Master of Science in Cell and Molecular Biology, Plan A"
20820,CMST-BA, Major in Communication Studies 
24238,INBZ," Major in Business Administration, Real Estate Concentration with International Business Concentration"
23377,SMMF-DD-CT, Graduate Certificate in Sustainable Military Lands Management
23117,NPAF-DD-CT, Graduate Certificate in Nonprofit Administration
22188,HIST-PHMZ-MA," Master of Arts in Histoy, Public History Specialization, Museum Studies Option, Plan B"
23346,BPSF, Certificate in Beef Production Systems
23494,EINQ, Minor in Entrepreneurship and Innovation
23795,MECH-PHD, Ph.D. in Mechanical Engineering
22593,ISPQ, Interdisciplinary Minor in Role of Sustainability in Peace and Reconciliation 
22611,AGSC-MAGR," Master of Agriculture in Agricultural Sciences, Plan B"
22695,IPCQ, Interdisciplinary Minor in Political Communication
21888,EHRS-AEZ-MED," Master of Education in Education and Human Resource Studies, Plan B, Adult Education and Training Specialization"
22537,MDIQ, Minor in Media Studies
21394,MUSC-CHCZ-MM," Master of Music, Choral Conducting Specialization"
23582,SPAF, Certificate in Spanish for Animal Health and Care
23343,WPHF, Certificate in World Philosophies and Religions
20955,FSBQ, Minor in Fishery Biology
23033,MSEG-PHD, Ph.D. in Materials Science and Engineering 
23169,BINF-CT, Graduate Certificate in Business Intelligence
23632,AMAF, Certificate in Applied Management Accounting for Decision Making
21638,GEOL-HYDZ-BS," Major in Geology, Hydrogeology Concentration"
21904,HORT-HBMZ-BS," Major in Horticulture, Horticultural Business Management Concentration"
23601,SOCR-ISCZ-BS," Major in Soil and Crop Sciences, International Soil and Crop Sciences Concentration"
22385,LDAR-MLA," Master of Landscape Architecture, Plan C (M.L.A.)"
21140,CPSC-BS, Major in Computer Science
22635,LDOF, Certificate in Leadership in Organizations
21059,CHEM-ACSZ-BS," Major in Chemistry, ACS Certified Concentration"
22408,SOWK-MSW, Master of Social Work
22956,MUSC-PERZ-BM," Major in Music, Performance Concentration, Piano Option"
22729,ARTM-BFA," Major in Art, BFA"
23145,RGMF-CT, Graduate Certificate in Theory and Applications of Regression Models
23836,ANTH-HEVZ-MA," Master of Arts in Anthropology, Plan A, Humans and the Environment Specialization"
22157,THTR-PRFZ-BA," Major in Theatre, Performance Concentration"
22053,BENR-MS, Master of Science in Bioengineering
21500,RGEC-CRMZ-BS," Major in Rangeland Ecology, Conservation and Management Concentration"
22374,PHIL-PSAZ-BA," Major in Philosophy, Philosophy, Science, and Technology Concentration"
22531,SOCI-GNSZ-BA," Major in Sociology, General Sociology Concentration"
23553,FSAN-NTRZ-MS," Master of Science in Food Science and Nutrition, Plan B, Nutrition Specialization"
23308,MUSC-MCMZ-MM," Master of Music, Music Education-Composition Specialization"
21678,EHRS-OLZ-MED," Master of Education in Education and Human Resource Studies, Organizational Learning, Performance and Change Specialization"
23540,ETST-SOTZ-BA," Major in Ethnic Studies, Social Studies Teaching Concentration"
21476,NSCI-GLEZ-BS," Major in Natural Sciences, Geology Education Concentration"
20795,ENGR-MECZ-ME," Master of Engineering, Plan C, Mechanical Engineering Specialization"
24155,WARF-DD-CT, Graduate Certificate in Water Resources
22778,ARTM-PNTZ-BF," Major in Art (BFA), Painting Concentration"
22752,AGSC-TZ-MAGR," Master of Agriculture in Agricultural Sciences, Plan B, Teacher Development Specialization"
21901,LLAC-LFRZ-MA," Master of Arts in Languages, Literatures, and Cultures, French Specialization, Foreign Languages, Literatures, and Cultures Option, Plan A"
23129,ABEF-CT, Graduate Certificate in Adult Basic Education
21526,DEMD-MS," Master of Science in Design and Merchandising, Plan A"
23391,DSCI-STSZ-BS," Major in Data Science, Statistics Concentration"
20898,ECON-MA," Master of Arts in Economics, Plan A"
21249,CRWR-MFA, Master of Fine Arts in Creative Writing
23735,SOCR-SRNZ-BS," Major in Soil and Crop Sciences, Soil Restoration and Conservation Concentration"
22267,IIRQ, Interdisciplinary Minor in Integrated Resource Management
22195,HIST-PHHZ-MA," Master of Arts in History, Public History Specialization, Historic Preservation Option, Plan B"
21253,ENGQ, Minor in English
23153,WGST-BA, Major in Women's and Gender Studies
20786,MECH-MS," Master of Science in Mechanical Engineering, Plan B"
22969,MUSC-PERZ-BM," Major in Music, Performance Concentration, String Pedagogy Option"
22173,HIST-LBAZ-MA," Master of Arts in History, Liberal Arts Specialization, Plan A"
23336,PWRF-CT, Graduate Certificate in Power and Energy
22704,CIM-RSES-GISP, Resilience of Social Ecological Systems Graduate Interdisciplinary Program
23421,MSEG-MS," Master of Science in Materials Science and Engineering, Plan A"
22067,HORT-HFCZ-BS," Major in Horticulture, Horticultural Food Crops Concentration, Seed Science Option"
21404,EVHL-EHSZ-MS," Master of Science in Environmental Health, Environmental Health and Safety Specialization, Plan B"
21689,NRTM-GLTZ-BS," Major in Natural Resource Tourism, Global Tourism Concentration"
21943,NAFS-DNMZ-BS," Major in Nutrition and Food Science, Dietetics and Nutrition Management Concentration, Accredited Didactic Program Option"
24223,INBZ," Major in Business Administration, Finance Concentration, Corporate Finance Option with International Business Concentration"
22523,CTMQ, Minor in Construction Management
20901,ECON-MA," Master of Arts in Economics, Plan B"
21273,EVHL-EPIZ-MS," Master of Science in Environmental Health, Epidemiology Specialization, Plan B"
22315,IITQ, Interdisciplinary Minor in Italian Studies
22492,PCAT-MS," Master of Science in Public Communication and Technology, Plan A"
21464,NSCI-CHEZ-BS," Major in Natural Sciences, Chemistry Education Concentration"
21297,ETST-WSTZ-BA," Major in Ethnic Studies, Women's Studies Concentration"
23694,SOCR-APMZ-BS," Major in Soil and Crop Sciences, Agronomic Production Management Concentration"
21919,LLAC-LSPZ-MA," Master of Arts in Languages, Literatures, and Cultures, Spanish Specialization, Foreign Languages, Literatures, and Cultures Option, Plan A"
23704,ELEG-LOEZ-BS," Major in Electrical Engineering, Lasers and Optical Engineering Concentration"
22944,AGBU-AECZ-BS," Major in Agricultural Business, Agricultural Economics Concentration"
20865,ANIM-BS, Major in Animal Science
21496,RECQ, Minor in Range Ecology
21174,EBDF-CT, Graduate Certificate in Evidence-Based Design Research
23073,BIOM-BS, Major in Biomedical Sciences
21841,LLAC-LFRZ-BA," Major in Languages, Literatures, and Cultures, French Concentration"
21064,ENTQ, Minor in Entomology
23030,CIM-FSS-GISP, Food Science/Safety Interdisciplinary Studies Program
21187,ENGL-CRWZ-BA," Major in English, Creative Writing Concentration"
22044,IAIQ, Interdisciplinary Minor in Arabic Studies
21367,MATH-MTEZ-BS," Major in Mathematics, Mathematics Education Concentration"
23258,CCMF-DD-CT, Graduate Certificate in Campus Crisis Management
20952,BCHQ, Minor in Biochemistry
22835,IWOQ, Interdisciplinary Minor in Women's Study
20917,GGMA-MGMA," Master of Greenhouse Gas Management and Accounting, Plan C (M.G.M.A.)"
21094,APCT-CPEZ-BS," Major in Applied Computing Technology, Computing Education Concentration"
21876,LLAC-LSPZ-BA," Major in Languages, Literatures, and Cultures, Spanish Concentration"
22307,OCTH-MS," Master of Science in Occupational Therapy, Plan A"
21606,GEOL-EVGZ-BS," Major in Geology, Environmental Geology Concentration"
21815,EHRS-HEZ-PHD," Ph.D. in Education and Human Resource Studies, Higher Education Leadership Specialization, Community College Leadership Option"
23869,RGEC-BS, Major in Rangeland Ecology
21983,LLAC-LGEZ-MA," Master of Arts in Languages, Literatures, and Cultures, German Specialization, Interdisciplinary Option, Plan B"
23464,MKMF-CT, Graduate Certificate in Marketing Management
22149,THTR-GTRZ-BA," Major in Theatre, General Theatre Concentration"
22551,AGSC-MAGR," Master of Agriculture in Agricultural Sciences, Plan A"
23374,FALF-CT, Graduate Certificate in Facilitating Adult Learning
22103,IEAQ, Interdisciplinary Minor in Environmental Affairs
23012,BUSA-ECZ-MBA," Master of Business Administration, Early Career Track Specialization"
23573,PSAF-DD-CT, Graduate Certificate in Postsecondary Access and Success Programs
24175,EVHL-OEZ-PHD," Ph.D. in Environmental Health, Occupational Ergonomics and Safety Specialization"
23688,SOCR-BS, Major in Soil and Crop Sciences
21400,MATQ, Minor in Mathematics
23311,ECSF, Certificate in Ethics and Society
21536,PHYS-APPZ-BS," Major in Physics, Applied Physics Concentration"
23352,OGDF-DD-CT, Graduate Certificate in Organizational Development
21414,MUSC-MEDZ-MM," Master of Music, Music Education-Conducting Specialization"
23159,MCBF, Certificate in Marketing Communication and Branding
23718,SOCR-SOEZ-BS," Major in Soil and Crop Sciences, Soil Ecology Concentration"
22398,RLSQ, Minor in Religious Studies
21674,AIOP-DD-MIOP," Master of Applied Industrial/Organizational Psychology, Plan C (M.A.I.O.P)"
22299,INST-LTSZ-BA," Major in International Studies, Latin American Studies Concentration"
22527,TSIQ, Minor in Technical and Science Communication
21602,EASC-WRZ-PHD," Ph.D. in Earth Sciences, Watershed Science Specialization"
23613,ENVE-BS, Major in Environmental Engineering
21544,MUSC-MTHZ-MM," Master of Music, Music Therapy Specialization, Plan A"
21270,BIAG-PLZ-PHD," Ph.D. in Bioagricultural Sciences, Plant Pathology Specialization"
24142,ENGL-WRHZ-MA," Master of Arts in English, Plan B, Writing, Rhetoric, and Social Change Specialization"
22707,IRSQ, Interdisciplinary Minor in Russian Studies
21469,NRST-GZ-MNRS," Master of Natural Resources Stewardship, Plan C, Rangeland Ecology and Management Specialization"
22015,HIST-GENZ-BA," Major in History, General History Concentration"
21695,PSYC-ADCZ-BS," Major in Psychology, Addictions Counseling Concentration"
22121,IFMQ, Interdisciplinary Minor in Film Studies
21225,ENGL-LITZ-BA," Major in English, Literature Concentration"
22049,FSAN-NESZ-MS," Master of Science in Food Science and Nutrition, Nutrition and Exercise Science Specialization, Plan B"
23362,COMM-DD-MCMM," Master of Communications and Media Management (M.C.M.M., Plan C)"
21809,STAT-BS, Major in Statistics
21800,AGBQ, Minor in Agricultural Business
24211,INBZ," Major in Business Administration, Accounting Concentration with International Business Concentration"
21682,ENHR-LNBZ-BS," Major in Environmental Horticulture, Landscape Business Concentration"
20790,ARTI-STDZ-BA," Bachelor of Arts, Studio Concentration"
23498,CBEG-BS, Major in Chemical And Biological Engineering
21796,CNLR-GLOZ-MS," Master of Science in Conservation Leadership, Global Specialization, Plan B"
22134,HAES-MS," Master of Science in Health and Exercise Science, Plan B"
21211,ENGL-LANZ-BA," Major in English, Language Concentration"
23740,EGSC-EGPZ-BS," Major in Engineering Science, Engineering Physics Concentration"
22344,ILAQ, Interdisciplinary Minor in Latin American and Caribbean Studies
23047,GPDF-CT,"  Graduate Certificate in Gender, Power and Difference"
23579,COCF-DD-CT, Graduate Certificate in Communications for Conservation
20845,ECON-BA, Major in Economics
23241,WRSC-MS," Master of Science in Watershed Science, Plan B"
22813,ISMQ, Interdisciplinary Minor in Sports Management
22296,CLSC-MS, Master of Science in Clinical Sciences
23656,FRRS-RFMZ-BS," Major in Forest and Rangeland Stewardship, Rangeland and Forest Management Concentration"
20747,ARTI-ARTZ-BA," Major in Art (BA), Art History Concentration"
21971,LLAC-LSPZ-MA," Master of Arts in Languages, Literatures, and Cultures, Spanish Specialization, Foreign Languages, Literatures, and Cultures Option, Plan B"
22117,HORT-HOSZ-BS," Major in Horticulture, Horticultural Science Concentration"
21329,MATH-ALSZ-BS," Major in Mathematics, Actuarial Science Concentration"
21910,FMST-BS, Major in Fermentation Science and Technology
22286,OCRS-PHD, Ph.D. in Occupation and Rehabilitation Science
21662,HDNR-BS, Major in Human Dimensions of Natural Resources
21284,ENGL-TSLZ-MA," Master of Arts in English, Plan B, TESL/TEFL Specialization"
21883,EHRS-AEZ-MED," Master of Education in Education and Human Resource Studies, Plan A, Adult Education and Training Specialization"
21100,APCT-CPTZ-BS," Major in Applied Computing Technology, Computing Technology Concentration"
21234,EVHL-TOZ-PHD," Ph.D. in Environmental Health, Toxicology Specialization"
24114,ECOL-HIZ-PHD," Ph.D. in Ecology, Human-Environment Interactions Specialization"
21345,EVHL-TOXZ-MS," Master of Science in Environmental Health, Toxicology Specialization, Plan A"
22310,MICQ, Minor in Microbiology
21584,PHYQ, Minor in Physics
22370,PHIL-GPRZ-BA," Major in Philosophy, Global Philosophies and Religions Concentration"
23591,BLSC-MS," Master of Science in Biological Science, Plan B"
22518,SOCI-ENSZ-BA," Major in Sociology, Environmental Sociology Concentration"
20996,NERO-CMNZ-BS," Major in Neuroscience, Cell and Molecular Neuroscience Concentration"
21114,BIAG-MS, Master of Science in Bioagricultural Sciences
23095,ECSU-PHD, Ph.D. in Ecosystem Sustainability
21170,EVHL-ERGZ-MS," Master of Science in Environmental Health, Ergonomics Specialization"
20723,ENVE-ECOZ-BS," Major in Environmental Engineering, Ecological Engineering Concentration"
23255,FLLF-CT, Graduate Certificate in French Linguistics and Literary Studies
20807,AREC-MS," Master of Science in Agricultural and Resource Economics, Plan B"
21934,HSMG-BS, Major in Hospitality Management
21441,MUSC-MUEZ-MM," Master of Music, Music Education Specialization "
23649,CNLR-MCL," Master of Conservation Leadership, Plan C"
21818,HDNR-CLPZ-MS," Master of Science in Human Dimensions of Natural Resources,Conservation Leadership Specialization, Plan B"
21055,BMSC-MS," Master of Science in Biomedical Sciences, Plan B"
21153,EVHQ, Minor in Environmental Health
22541,ENRE-BS, Major in Environmental and Natural Resource Economics
23726,SOCR-SLCZ-BS," Major in Soil and Crop Sciences, Soil, Land Uses, and Climate Change Concentration"
23665,FRRS-FMGZ-BS," Major in Forest and Rangeland Stewardship, Forest Management Concentration"
23395,DSCI-ECNZ-BS," Major in Data Science, Economics Concentration"
23238,WRSC-MS," Master of Science in Watershed Science, Plan A"
21822,STAQ, Minor in Statistics
21046,ZOOQ, Minor in Zoology
23814,ANTH-CLTZ-BA," Major in Anthropology, Cultural Anthropology Concentration"
22477,SOWK-PHD, Ph.D. in Social Work
22039,FSAN-NESZ-MS," Master of Science in Food Science and Nutrition, Nutrition and Exercise Science Specialization, Plan A"
22623,BUSA-SCMZ-BS," Major in Business Administration, Supply Chain Management Concentration"
23217,ANNF, Certificate in Animal Nutrition
24126,ENGL-ENEZ-MA," Master of Arts in English, Plan B, English Education Specialization"
22443,ETED-MXED," Master of Extension Education, Plan C (M.Ext.Ed.)"
22426,POLS-BA, Major in Political Science
22980,MUSC-MUTZ-BM," Major in Music, Music Therapy Concentration"
22585,BUSA-REAZ-BS," Major in Business Administration, Real Estate Concentration"
22846,ARLQ, Minor in Arts Leadership and Administration
22828,CIM-SE-GISP, Systems Engineering Graduate Interdisciplinary Program
21318,BIAG-WEZ-PHD," Ph.D. in Bioagricultural Sciences, Weed Science Specialization"
23409,BCAF-CT, Graduate Certificate in Business Analytics and Accounting Systems
22433,SOWK-BSW, Major in Social Work
22510,PCAT-MS," Master of Science in Public Communication and Technology, Plan B"
23138,DTAF-CT, Graduate Certificate in Data Analysis 
22871,CIM-PE-GISP, Political Economy Graduate Interdisciplinary Studies Program
22771,ARTM-METZ-BF," Major in Art (BFA), Metalsmithing Concentration"
21992,LLAC-LSPZ-MA," Master of Arts in Languages, Literatures, and Cultures, Spanish Specialization, Interdisciplinary Option, Plan B"
22125,HAES-ESNZ-MS," Master of Science in Health and Exercise Science, Exercise Science and Nutrition Specialization, Plan A"
21974,LLAC-LFRZ-MA," Master of Arts in Languages, Literatures, and Cultures, French Specialization, Interdisciplinary Option, Plan B"
21743,PSYC-MBBZ-BS," Major in Psychology, Mind, Brain, and Behavior Concentration"
21559,SIMQ, Minor in Spatial Information Management
21078,FWCB-MFWC," Master of Fish, Wildlife, and Conservation Biology, Plan C (M.F.W.C.B.)"
22737,ARTM-DRAZ-BF," Major in Art (BFA), Drawing Concentration"
23507,FSAN-NTZ-PHD," Ph.D. in Food Science and Nutrition, Nutrition Specialization"
21218,INTD-BS, Major in Interior Design
20888,BCHM-HMSZ-BS," Major in Biochemistry, Health and Medical Sciences Concentration"
23513,CNCD-MHCZ-MA," Master of Arts in Counseling and Career Development, Plan B, Clinical Mental Health Counseling Specialization"
22246,HDFS-PISZ-BS," Major in Human Development and Family Studies, Prevention and Intervention Sciences Concentration"
23440,TEXF-CT, Graduate Certificate in Teaching in Extension  
21669,NRRT-EVCZ-BS," Major in Natural Resource Recreation and Tourism, Environmental Communication Concentration"
20853,SYSE-PHD, Ph.D. in Systems Engineering
22651,BUSA-MKTZ-BS," Major in Business Administration, Marketing Concentration"
21107,APCT-HCCZ-BS," Major in Applied Computing Technology, Human-Centered Computing Concentration"
21791,LJPQ, Minor in Japanese
23221,MSCF, Certificate in Meat Science
23753,SRAQ, Minor in Soil Resources and Conservation
22665,CBEG-BMEC-BS," Dual Degree Program: Biomedical Engineering, B.S. combined with Chemical and Biological Engineering, B.S."
23208,CPEG-PHD, Ph.D. in Computer Engineering
20958,BLSC-BLSZ-BS," Major in Biological Science, Biological Science Concentration"
21838,EHRS-OLZ-PHD," Ph.D. in Education and Human Resource Stuides, Organizational Learning, Performance, and Change Specialization"
21734,LCHQ, Minor in Chinese
20782,MECH-MS," Master of Science in Mechanical Engineering, Plan A"
20761,ECSS-BS, Major in Ecosystem Science and Sustainability
24226,INBZ," Major in Business Administration, Human Resource Management Concentration with International Business Concentration"
23269,SAAF-DD-CT, Graduate Certificate in Student Affairs Administration
23298,ACCY-RZ-MACC," Master of Accountancy, Plan C, Financial Analysis, Auditing, and Reporting Specialization"
22867,CIM-PRS-GISP, Sustainable Peace and Reconciliation Studies Graduate Interdisciplinary Studies Program
20800,ARTM-MFA, Master of Fine Arts in Art and Art History
21397,MUSC-COPZ-MM," Master of Music, Collaborative Piano Specialization"
